,selected_zone,covered_zone
0,279,238
1,279,239
2,279,256
3,279,237
4,279,275
5,279,257
6,279,258
7,279,259
8,279,277
9,279,278
10,279,276
11,279,296
12,279,297
13,279,298
14,279,279
15,279,299
16,279,319
17,279,318
18,339,297
19,339,298
20,339,299
21,339,319
22,339,317
23,339,318
24,339,338
25,339,339
26,73,51
27,73,52
28,73,53
29,73,54
30,73,55
31,73,71
32,73,72
33,73,73
34,73,91
35,73,92
36,73,93
37,73,75
38,73,74
39,73,94
40,73,114
41,73,112
42,73,113
43,235,138
44,235,157
45,235,158
46,235,177
47,235,139
48,235,159
49,235,178
50,235,194
51,235,195
52,235,176
53,235,196
54,235,216
55,235,198
56,235,214
57,235,215
58,235,197
59,235,217
60,235,236
61,235,256
62,235,213
63,235,233
64,235,234
65,235,237
66,235,235
67,235,255
68,235,253
69,235,254
70,235,274
71,235,275
72,235,276
73,145,83
74,145,84
75,145,103
76,145,104
77,145,105
78,145,124
79,145,125
80,145,126
81,145,144
82,145,145
83,145,146
84,145,164
85,145,165
86,145,166
87,145,147
88,145,167
89,145,184
90,145,185
91,145,186
92,145,187
93,177,138
94,177,157
95,177,158
96,177,177
97,177,139
98,177,159
99,177,178
100,177,179
101,177,156
102,177,175
103,177,195
104,177,176
105,177,196
106,177,216
107,177,198
108,177,218
109,177,214
110,177,215
111,177,197
112,177,217
113,177,236
114,177,256
115,177,234
116,177,237
117,177,235
118,177,255
119,177,273
120,177,254
121,177,274
122,177,275
123,177,293
124,177,313
125,177,294
126,177,295
127,32,30
128,32,50
129,32,31
130,32,32
131,32,33
132,32,34
133,32,51
134,32,52
135,32,53
136,32,54
137,32,71
138,32,72
139,32,73
140,376,334
141,376,354
142,376,335
143,376,336
144,376,337
145,376,355
146,376,356
147,376,357
148,376,375
149,376,376
150,376,377
151,376,396
152,376,397
153,68,8
154,68,27
155,68,28
156,68,47
157,68,48
158,68,29
159,68,49
160,68,69
161,68,70
162,68,89
163,68,90
164,68,109
165,68,110
166,68,67
167,68,68
168,68,87
169,68,88
170,68,108
171,175,135
172,175,136
173,175,154
174,175,155
175,175,174
176,175,156
177,175,175
178,175,194
179,175,195
180,175,176
181,175,196
182,48,8
183,48,27
184,48,28
185,48,47
186,48,48
187,48,9
188,48,29
189,48,30
190,48,49
191,48,50
192,48,69
193,48,89
194,48,109
195,48,67
196,48,68
197,48,87
198,48,88
199,48,108
200,378,357
201,378,377
202,378,378
203,378,398
204,264,244
205,264,264
206,264,245
207,264,265
208,247,226
209,247,227
210,247,228
211,247,246
212,247,247
213,247,267
214,247,248
215,247,268
216,105,83
217,105,84
218,105,85
219,105,86
220,105,103
221,105,104
222,105,105
223,105,106
224,105,124
225,105,125
226,105,126
227,105,144
228,105,145
229,105,146
230,156,115
231,156,116
232,156,117
233,156,134
234,156,135
235,156,136
236,156,137
237,156,157
238,156,158
239,156,177
240,156,154
241,156,155
242,156,156
243,156,175
244,156,176
245,10,8
246,10,28
247,10,9
248,10,29
249,10,10
250,10,11
251,10,30
252,10,50
253,10,12
254,10,13
255,10,14
256,10,15
257,10,31
258,10,32
259,10,33
260,10,34
261,10,35
262,10,51
263,10,52
264,257,238
265,257,239
266,257,236
267,257,256
268,257,237
269,257,257
270,257,258
271,257,259
272,257,277
273,257,278
274,257,276
275,176,136
276,176,137
277,176,157
278,176,177
279,176,155
280,176,156
281,176,175
282,176,195
283,176,176
284,176,196
285,176,216
286,176,215
287,176,197
288,176,217
289,176,236
290,176,256
291,176,235
292,176,255
293,176,275
294,86,47
295,86,67
296,86,87
297,86,66
298,86,65
299,86,83
300,86,84
301,86,85
302,86,86
303,86,104
304,86,105
305,86,106
306,187,146
307,187,165
308,187,166
309,187,147
310,187,148
311,187,167
312,187,168
313,187,188
314,187,185
315,187,205
316,187,186
317,187,187
318,187,206
319,187,207
320,187,226
321,187,227
322,187,208
323,187,228
324,98,76
325,98,77
326,98,78
327,98,79
328,98,96
329,98,98
330,98,99
331,98,119
332,98,116
333,98,97
334,98,117
335,98,118
336,98,137
337,98,138
338,98,139
339,311,195
340,311,196
341,311,216
342,311,214
343,311,215
344,311,217
345,311,236
346,311,256
347,311,213
348,311,232
349,311,233
350,311,234
351,311,237
352,311,231
353,311,235
354,311,255
355,311,268
356,311,249
357,311,250
358,311,269
359,311,270
360,311,288
361,311,289
362,311,308
363,311,309
364,311,251
365,311,252
366,311,253
367,311,271
368,311,272
369,311,273
370,311,254
371,311,274
372,311,275
373,311,257
374,311,258
375,311,277
376,311,278
377,311,276
378,311,296
379,311,297
380,311,298
381,311,299
382,311,290
383,311,310
384,311,291
385,311,292
386,311,293
387,311,311
388,311,312
389,311,313
390,311,294
391,311,295
392,311,314
393,311,315
394,311,316
395,311,319
396,311,330
397,311,331
398,311,332
399,311,333
400,311,334
401,311,317
402,311,335
403,311,336
404,311,318
405,319,196
406,319,216
407,319,238
408,319,215
409,319,217
410,319,236
411,319,256
412,319,234
413,319,237
414,319,235
415,319,255
416,319,253
417,319,272
418,319,273
419,319,254
420,319,274
421,319,275
422,319,257
423,319,258
424,319,259
425,319,277
426,319,278
427,319,276
428,319,296
429,319,297
430,319,298
431,319,279
432,319,299
433,319,291
434,319,292
435,319,293
436,319,311
437,319,312
438,319,313
439,319,294
440,319,295
441,319,314
442,319,315
443,319,316
444,319,319
445,319,334
446,319,317
447,319,335
448,319,336
449,319,337
450,319,318
451,319,338
452,319,339
453,106,83
454,106,84
455,106,85
456,106,86
457,106,103
458,106,104
459,106,105
460,106,106
461,106,107
462,106,125
463,106,126
464,106,127
465,106,108
466,106,128
467,199,178
468,199,179
469,199,199
470,199,198
471,199,218
472,199,219
473,199,239
474,308,289
475,308,308
476,308,309
477,308,290
478,308,310
479,308,291
480,308,311
481,308,312
482,308,328
483,308,329
484,58,13
485,58,14
486,58,15
487,58,33
488,58,34
489,58,35
490,58,54
491,58,55
492,58,36
493,58,37
494,58,38
495,58,39
496,58,56
497,58,57
498,58,58
499,58,59
500,58,75
501,58,76
502,58,77
503,58,78
504,58,79
505,58,98
506,58,99
507,58,119
508,58,97
509,58,118
510,274,255
511,274,253
512,274,273
513,274,254
514,274,274
515,274,275
516,114,73
517,114,92
518,114,93
519,114,75
520,114,96
521,114,74
522,114,94
523,114,95
524,114,114
525,114,115
526,114,116
527,114,117
528,114,111
529,114,131
530,114,112
531,114,113
532,114,132
533,114,133
534,114,134
535,114,135
536,114,153
537,114,136
538,114,152
539,114,154
540,114,155
541,243,243
542,243,244
543,217,216
544,217,198
545,217,218
546,217,219
547,217,238
548,217,239
549,217,197
550,217,217
551,217,236
552,217,256
553,217,237
554,217,235
555,217,257
556,217,258
557,217,259
558,271,249
559,271,250
560,271,269
561,271,270
562,271,289
563,271,251
564,271,252
565,271,253
566,271,271
567,271,272
568,271,273
569,271,254
570,271,274
571,271,275
572,271,290
573,271,291
574,271,292
575,271,293
576,271,294
577,47,27
578,47,28
579,47,47
580,47,48
581,47,49
582,47,69
583,47,67
584,47,68
585,47,87
586,47,88
587,47,66
588,47,65
589,47,85
590,47,86
591,341,340
592,341,341
593,341,342
594,341,360
595,341,361
596,341,362
597,341,381
598,341,382
599,341,363
600,341,383
601,39,14
602,39,15
603,39,34
604,39,35
605,39,55
606,39,36
607,39,37
608,39,38
609,39,39
610,39,56
611,39,57
612,39,58
613,39,59
614,39,78
615,39,79
616,95,93
617,95,94
618,95,95
619,95,114
620,95,115
621,377,357
622,377,376
623,377,377
624,377,378
625,377,396
626,377,397
627,377,398
628,223,204
629,223,224
630,223,223
631,223,244
632,353,333
633,353,352
634,353,353
635,292,269
636,292,270
637,292,288
638,292,289
639,292,309
640,292,252
641,292,253
642,292,271
643,292,272
644,292,273
645,292,254
646,292,274
647,292,275
648,292,290
649,292,310
650,292,291
651,292,292
652,292,293
653,292,311
654,292,312
655,292,313
656,292,294
657,292,330
658,292,331
659,292,332
660,103,83
661,103,84
662,103,85
663,103,103
664,103,104
665,103,105
666,103,106
667,103,124
668,103,125
669,312,195
670,312,196
671,312,216
672,312,214
673,312,215
674,312,236
675,312,213
676,312,232
677,312,233
678,312,234
679,312,231
680,312,235
681,312,255
682,312,268
683,312,249
684,312,250
685,312,269
686,312,270
687,312,288
688,312,289
689,312,308
690,312,309
691,312,251
692,312,252
693,312,253
694,312,271
695,312,272
696,312,273
697,312,254
698,312,274
699,312,275
700,312,290
701,312,310
702,312,291
703,312,292
704,312,293
705,312,311
706,312,312
707,312,313
708,312,294
709,312,295
710,312,314
711,312,329
712,312,330
713,312,331
714,312,332
715,312,333
716,312,334
717,132,110
718,132,130
719,132,91
720,132,92
721,132,114
722,132,111
723,132,131
724,132,112
725,132,113
726,132,132
727,132,133
728,132,134
729,132,153
730,132,151
731,132,152
732,132,171
733,132,154
734,132,173
735,132,174
736,132,172
737,132,192
738,132,193
739,336,296
740,336,297
741,336,295
742,336,314
743,336,315
744,336,316
745,336,334
746,336,354
747,336,317
748,336,335
749,336,336
750,336,337
751,336,355
752,336,356
753,336,318
754,336,338
755,336,358
756,336,357
757,336,375
758,336,376
759,336,377
760,104,109
761,104,129
762,104,67
763,104,87
764,104,88
765,104,66
766,104,85
767,104,86
768,104,104
769,104,105
770,104,106
771,104,107
772,104,124
773,104,125
774,104,126
775,104,127
776,104,144
777,104,145
778,104,146
779,104,164
780,104,165
781,104,166
782,104,108
783,104,128
784,104,147
785,104,148
786,109,48
787,109,49
788,109,69
789,109,70
790,109,89
791,109,90
792,109,109
793,109,110
794,109,129
795,109,130
796,109,149
797,109,150
798,109,67
799,109,68
800,109,87
801,109,88
802,109,91
803,109,85
804,109,86
805,109,104
806,109,105
807,109,106
808,109,107
809,109,125
810,109,126
811,109,127
812,109,146
813,109,108
814,109,128
815,109,147
816,109,148
817,109,111
818,109,168
819,109,169
820,148,109
821,148,129
822,148,130
823,148,149
824,148,150
825,148,107
826,148,126
827,148,127
828,148,146
829,148,166
830,148,108
831,148,128
832,148,147
833,148,148
834,148,167
835,148,168
836,148,169
837,148,170
838,148,189
839,148,188
840,148,187
841,383,382
842,383,383
843,136,116
844,136,117
845,136,135
846,136,136
847,136,137
848,136,138
849,136,157
850,136,158
851,136,177
852,136,155
853,136,156
854,136,175
855,136,176
856,251,210
857,251,211
858,251,212
859,251,230
860,251,232
861,251,231
862,251,250
863,251,270
864,251,251
865,251,252
866,251,253
867,251,271
868,251,272
869,251,273
870,56,14
871,56,15
872,56,33
873,56,34
874,56,35
875,56,53
876,56,54
877,56,55
878,56,36
879,56,37
880,56,38
881,56,56
882,56,57
883,56,58
884,56,75
885,56,76
886,56,77
887,56,78
888,56,96
889,56,98
890,56,74
891,56,97
892,116,77
893,116,78
894,116,96
895,116,98
896,116,99
897,116,119
898,116,115
899,116,116
900,116,97
901,116,117
902,116,118
903,116,134
904,116,135
905,116,136
906,116,137
907,116,138
908,116,157
909,116,158
910,116,139
911,116,154
912,116,155
913,116,156
914,214,173
915,214,174
916,214,192
917,214,194
918,214,195
919,214,196
920,214,216
921,214,212
922,214,193
923,214,214
924,214,215
925,214,213
926,214,232
927,214,233
928,214,234
929,214,235
930,309,289
931,309,308
932,309,309
933,309,290
934,309,310
935,309,291
936,309,311
937,309,312
938,309,328
939,309,329
940,309,330
941,309,331
942,49,8
943,49,27
944,49,28
945,49,47
946,49,48
947,49,9
948,49,29
949,49,30
950,49,49
951,49,50
952,49,69
953,49,70
954,49,89
955,49,90
956,49,109
957,49,110
958,49,129
959,49,67
960,49,68
961,49,87
962,49,88
963,49,31
964,49,51
965,49,71
966,49,108
967,238,216
968,238,198
969,238,218
970,238,219
971,238,238
972,238,239
973,238,197
974,238,217
975,238,236
976,238,256
977,238,237
978,238,257
979,238,258
980,238,259
981,238,277
982,238,278
983,238,297
984,238,298
985,238,279
986,238,299
987,213,154
988,213,173
989,213,174
990,213,172
991,213,192
992,213,175
993,213,194
994,213,195
995,213,212
996,213,193
997,213,214
998,213,215
999,213,213
1000,213,232
1001,213,233
1002,213,234
1003,213,252
1004,213,253
1005,213,254
1006,167,126
1007,167,127
1008,167,145
1009,167,146
1010,167,165
1011,167,166
1012,167,147
1013,167,148
1014,167,167
1015,167,168
1016,167,169
1017,167,189
1018,167,188
1019,167,186
1020,167,187
1021,263,244
1022,263,263
1023,263,264
1024,27,27
1025,27,28
1026,27,47
1027,27,48
1028,27,49
1029,27,69
1030,27,67
1031,27,68
1032,179,158
1033,179,177
1034,179,139
1035,179,159
1036,179,178
1037,179,179
1038,179,199
1039,179,196
1040,179,198
1041,179,197
1042,35,10
1043,35,11
1044,35,12
1045,35,13
1046,35,14
1047,35,15
1048,35,31
1049,35,32
1050,35,33
1051,35,34
1052,35,35
1053,35,53
1054,35,54
1055,35,55
1056,35,36
1057,35,37
1058,35,38
1059,35,39
1060,35,56
1061,35,57
1062,35,58
1063,35,59
1064,35,75
1065,35,76
1066,35,77
1067,35,78
1068,35,79
1069,119,57
1070,119,58
1071,119,59
1072,119,76
1073,119,77
1074,119,78
1075,119,79
1076,119,96
1077,119,98
1078,119,99
1079,119,119
1080,119,116
1081,119,97
1082,119,117
1083,119,118
1084,119,136
1085,119,137
1086,119,138
1087,119,157
1088,119,158
1089,119,177
1090,119,139
1091,119,159
1092,119,178
1093,119,156
1094,119,176
1095,119,196
1096,119,197
1097,189,168
1098,189,169
1099,189,170
1100,189,189
1101,189,190
1102,189,188
1103,189,208
1104,189,228
1105,189,210
1106,189,209
1107,189,230
1108,189,229
1109,170,130
1110,170,149
1111,170,150
1112,170,131
1113,170,132
1114,170,151
1115,170,152
1116,170,171
1117,170,168
1118,170,169
1119,170,170
1120,170,189
1121,170,190
1122,170,188
1123,170,172
1124,170,191
1125,170,210
1126,170,209
1127,171,150
1128,171,131
1129,171,132
1130,171,153
1131,171,151
1132,171,152
1133,171,171
1134,171,173
1135,171,170
1136,171,190
1137,171,172
1138,171,191
1139,171,192
1140,171,193
1141,149,109
1142,149,110
1143,149,129
1144,149,130
1145,149,149
1146,149,150
1147,149,107
1148,149,127
1149,149,108
1150,149,128
1151,149,147
1152,149,148
1153,149,168
1154,149,169
1155,149,170
1156,79,14
1157,79,15
1158,79,34
1159,79,35
1160,79,55
1161,79,36
1162,79,37
1163,79,38
1164,79,39
1165,79,56
1166,79,57
1167,79,58
1168,79,59
1169,79,76
1170,79,77
1171,79,78
1172,79,79
1173,79,96
1174,79,98
1175,79,99
1176,79,119
1177,79,97
1178,79,117
1179,79,118
1180,79,138
1181,79,139
1182,165,83
1183,165,84
1184,165,85
1185,165,86
1186,165,103
1187,165,104
1188,165,105
1189,165,106
1190,165,107
1191,165,124
1192,165,125
1193,165,126
1194,165,127
1195,165,144
1196,165,145
1197,165,146
1198,165,164
1199,165,165
1200,165,166
1201,165,147
1202,165,167
1203,165,184
1204,165,185
1205,165,204
1206,165,205
1207,165,186
1208,165,187
1209,12,8
1210,12,28
1211,12,9
1212,12,29
1213,12,10
1214,12,11
1215,12,30
1216,12,50
1217,12,12
1218,12,13
1219,12,14
1220,12,15
1221,12,31
1222,12,32
1223,12,33
1224,12,34
1225,12,35
1226,12,51
1227,12,52
1228,12,53
1229,12,54
1230,12,55
1231,12,36
1232,12,37
1233,12,38
1234,12,56
1235,236,196
1236,236,216
1237,236,198
1238,236,218
1239,236,238
1240,236,214
1241,236,215
1242,236,197
1243,236,217
1244,236,236
1245,236,256
1246,236,234
1247,236,237
1248,236,235
1249,236,255
1250,236,253
1251,236,272
1252,236,273
1253,236,254
1254,236,274
1255,236,275
1256,236,257
1257,236,258
1258,236,259
1259,236,277
1260,236,278
1261,236,276
1262,236,296
1263,236,297
1264,236,298
1265,236,279
1266,236,299
1267,236,291
1268,236,292
1269,236,293
1270,236,311
1271,236,312
1272,236,313
1273,236,294
1274,236,295
1275,236,314
1276,236,315
1277,236,316
1278,30,8
1279,30,28
1280,30,48
1281,30,9
1282,30,29
1283,30,10
1284,30,11
1285,30,30
1286,30,49
1287,30,50
1288,30,69
1289,30,70
1290,30,89
1291,30,90
1292,30,68
1293,30,12
1294,30,13
1295,30,31
1296,30,32
1297,30,33
1298,30,51
1299,30,52
1300,30,53
1301,30,71
1302,30,72
1303,30,91
1304,273,195
1305,273,196
1306,273,216
1307,273,212
1308,273,214
1309,273,215
1310,273,217
1311,273,236
1312,273,256
1313,273,230
1314,273,213
1315,273,232
1316,273,233
1317,273,234
1318,273,237
1319,273,231
1320,273,235
1321,273,255
1322,273,268
1323,273,249
1324,273,250
1325,273,269
1326,273,270
1327,273,288
1328,273,289
1329,273,251
1330,273,252
1331,273,253
1332,273,271
1333,273,272
1334,273,273
1335,273,254
1336,273,274
1337,273,275
1338,273,257
1339,273,277
1340,273,278
1341,273,276
1342,273,296
1343,273,297
1344,273,298
1345,273,290
1346,273,291
1347,273,292
1348,273,293
1349,273,294
1350,273,295
1351,29,8
1352,29,28
1353,29,48
1354,29,9
1355,29,29
1356,29,10
1357,29,11
1358,29,30
1359,29,49
1360,29,50
1361,29,69
1362,29,70
1363,29,89
1364,29,90
1365,29,68
1366,29,88
1367,29,12
1368,29,31
1369,29,32
1370,29,51
1371,138,117
1372,138,118
1373,138,136
1374,138,137
1375,138,138
1376,138,157
1377,138,158
1378,138,139
1379,138,159
1380,211,191
1381,211,192
1382,211,210
1383,211,211
1384,211,212
1385,211,230
1386,211,232
1387,211,231
1388,211,251
1389,211,252
1390,34,13
1391,34,14
1392,34,15
1393,34,32
1394,34,33
1395,34,34
1396,34,35
1397,34,52
1398,34,53
1399,34,54
1400,34,55
1401,34,73
1402,34,36
1403,34,37
1404,34,38
1405,34,56
1406,34,57
1407,34,58
1408,34,75
1409,34,74
1410,96,76
1411,96,77
1412,96,78
1413,96,96
1414,96,98
1415,96,99
1416,96,119
1417,96,116
1418,96,97
1419,96,117
1420,96,118
1421,72,50
1422,72,70
1423,72,90
1424,72,31
1425,72,32
1426,72,33
1427,72,34
1428,72,51
1429,72,52
1430,72,53
1431,72,54
1432,72,71
1433,72,72
1434,72,73
1435,72,91
1436,72,92
1437,72,93
1438,72,74
1439,72,94
1440,173,132
1441,173,133
1442,173,134
1443,173,153
1444,173,151
1445,173,152
1446,173,171
1447,173,154
1448,173,173
1449,173,155
1450,173,174
1451,173,172
1452,173,191
1453,173,192
1454,173,175
1455,173,194
1456,173,195
1457,173,212
1458,173,193
1459,173,214
1460,173,215
1461,173,213
1462,173,233
1463,215,174
1464,215,175
1465,215,194
1466,215,195
1467,215,196
1468,215,216
1469,215,193
1470,215,214
1471,215,215
1472,215,236
1473,215,213
1474,215,234
1475,215,235
1476,277,196
1477,277,216
1478,277,218
1479,277,238
1480,277,239
1481,277,197
1482,277,217
1483,277,236
1484,277,256
1485,277,237
1486,277,235
1487,277,255
1488,277,275
1489,277,257
1490,277,258
1491,277,259
1492,277,277
1493,277,278
1494,277,276
1495,277,296
1496,277,297
1497,277,298
1498,277,279
1499,108,47
1500,108,48
1501,108,49
1502,108,69
1503,108,70
1504,108,89
1505,108,90
1506,108,109
1507,108,110
1508,108,129
1509,108,130
1510,108,149
1511,108,67
1512,108,68
1513,108,87
1514,108,88
1515,108,66
1516,108,65
1517,108,83
1518,108,84
1519,108,85
1520,108,86
1521,108,103
1522,108,104
1523,108,105
1524,108,106
1525,108,107
1526,108,125
1527,108,126
1528,108,127
1529,108,146
1530,108,108
1531,108,128
1532,108,147
1533,108,148
1534,310,195
1535,310,196
1536,310,216
1537,310,214
1538,310,215
1539,310,232
1540,310,233
1541,310,234
1542,310,235
1543,310,270
1544,310,289
1545,310,309
1546,310,251
1547,310,252
1548,310,253
1549,310,271
1550,310,272
1551,310,273
1552,310,254
1553,310,274
1554,310,290
1555,310,310
1556,310,291
1557,310,292
1558,310,293
1559,310,311
1560,310,312
1561,310,330
1562,310,331
1563,310,332
1564,92,70
1565,92,90
1566,92,110
1567,92,51
1568,92,52
1569,92,53
1570,92,54
1571,92,71
1572,92,72
1573,92,73
1574,92,91
1575,92,92
1576,92,93
1577,92,74
1578,92,94
1579,92,114
1580,92,111
1581,92,112
1582,92,113
1583,352,352
1584,352,353
1585,59,14
1586,59,15
1587,59,34
1588,59,35
1589,59,55
1590,59,36
1591,59,37
1592,59,38
1593,59,39
1594,59,56
1595,59,57
1596,59,58
1597,59,59
1598,59,76
1599,59,77
1600,59,78
1601,59,79
1602,97,36
1603,97,37
1604,97,56
1605,97,57
1606,97,58
1607,97,59
1608,97,76
1609,97,77
1610,97,78
1611,97,79
1612,97,96
1613,97,98
1614,97,97
1615,117,77
1616,117,78
1617,117,96
1618,117,98
1619,117,99
1620,117,119
1621,117,95
1622,117,114
1623,117,115
1624,117,116
1625,117,97
1626,117,117
1627,117,118
1628,117,134
1629,117,135
1630,117,136
1631,117,137
1632,117,138
1633,117,157
1634,117,139
1635,117,154
1636,117,155
1637,117,156
1638,245,225
1639,245,226
1640,245,244
1641,245,264
1642,245,245
1643,245,265
1644,245,246
1645,245,266
1646,296,256
1647,296,255
1648,296,275
1649,296,257
1650,296,277
1651,296,278
1652,296,276
1653,296,296
1654,296,297
1655,296,298
1656,296,299
1657,296,294
1658,296,295
1659,296,315
1660,296,316
1661,296,319
1662,296,317
1663,296,336
1664,296,337
1665,296,318
1666,296,338
1667,266,265
1668,266,246
1669,266,266
1670,266,286
1671,266,285
1672,71,30
1673,71,50
1674,71,70
1675,71,90
1676,71,110
1677,71,31
1678,71,32
1679,71,51
1680,71,52
1681,71,53
1682,71,71
1683,71,72
1684,71,73
1685,71,91
1686,71,92
1687,71,93
1688,71,111
1689,71,112
1690,112,91
1691,112,92
1692,112,93
1693,112,114
1694,112,111
1695,112,131
1696,112,112
1697,112,113
1698,112,132
1699,112,133
1700,112,134
1701,306,286
1702,306,306
1703,306,307
1704,306,285
1705,306,305
1706,306,326
1707,306,327
1708,94,53
1709,94,54
1710,94,55
1711,94,72
1712,94,73
1713,94,91
1714,94,92
1715,94,93
1716,94,75
1717,94,74
1718,94,94
1719,94,95
1720,94,114
1721,94,115
1722,94,112
1723,94,113
1724,94,133
1725,94,134
1726,94,135
1727,337,296
1728,337,297
1729,337,298
1730,337,316
1731,337,317
1732,337,336
1733,337,337
1734,337,356
1735,337,318
1736,337,338
1737,337,357
1738,204,144
1739,204,164
1740,204,165
1741,204,184
1742,204,185
1743,204,203
1744,204,204
1745,204,205
1746,204,224
1747,204,225
1748,204,186
1749,204,206
1750,204,226
1751,204,223
1752,204,244
1753,204,245
1754,244,204
1755,244,224
1756,244,225
1757,244,223
1758,244,243
1759,244,244
1760,244,263
1761,244,264
1762,244,245
1763,244,265
1764,38,11
1765,38,12
1766,38,13
1767,38,14
1768,38,15
1769,38,31
1770,38,32
1771,38,33
1772,38,34
1773,38,35
1774,38,52
1775,38,53
1776,38,54
1777,38,55
1778,38,36
1779,38,37
1780,38,38
1781,38,39
1782,38,56
1783,38,57
1784,38,58
1785,38,59
1786,38,75
1787,38,76
1788,38,77
1789,38,78
1790,38,79
1791,38,74
1792,203,184
1793,203,203
1794,203,204
1795,287,267
1796,287,268
1797,287,286
1798,287,287
1799,287,288
1800,287,306
1801,287,307
1802,287,308
1803,285,265
1804,285,286
1805,285,285
1806,285,305
1807,11,8
1808,11,28
1809,11,9
1810,11,29
1811,11,10
1812,11,11
1813,11,30
1814,11,12
1815,11,13
1816,11,14
1817,11,15
1818,11,31
1819,11,32
1820,11,33
1821,11,34
1822,11,35
1823,11,36
1824,11,37
1825,11,38
1826,293,195
1827,293,196
1828,293,216
1829,293,214
1830,293,215
1831,293,236
1832,293,256
1833,293,232
1834,293,233
1835,293,234
1836,293,235
1837,293,255
1838,293,250
1839,293,269
1840,293,270
1841,293,288
1842,293,289
1843,293,251
1844,293,252
1845,293,253
1846,293,271
1847,293,272
1848,293,273
1849,293,254
1850,293,274
1851,293,275
1852,293,290
1853,293,291
1854,293,292
1855,293,293
1856,293,294
1857,293,295
1858,331,310
1859,331,291
1860,331,292
1861,331,293
1862,331,311
1863,331,312
1864,331,313
1865,331,330
1866,331,331
1867,331,332
1868,128,89
1869,128,109
1870,128,129
1871,128,149
1872,128,87
1873,128,88
1874,128,106
1875,128,107
1876,128,126
1877,128,127
1878,128,108
1879,128,128
1880,128,147
1881,128,148
1882,128,168
1883,128,169
1884,362,340
1885,362,341
1886,362,342
1887,362,360
1888,362,361
1889,362,362
1890,362,381
1891,172,150
1892,172,131
1893,172,132
1894,172,133
1895,172,153
1896,172,151
1897,172,152
1898,172,171
1899,172,154
1900,172,173
1901,172,174
1902,172,170
1903,172,172
1904,172,191
1905,172,192
1906,172,193
1907,338,297
1908,338,298
1909,338,316
1910,338,319
1911,338,317
1912,338,336
1913,338,337
1914,338,318
1915,338,338
1916,338,339
1917,184,83
1918,184,103
1919,184,104
1920,184,124
1921,184,125
1922,184,144
1923,184,145
1924,184,164
1925,184,165
1926,184,163
1927,184,183
1928,184,184
1929,184,185
1930,184,203
1931,184,204
1932,184,205
1933,184,224
1934,127,109
1935,127,129
1936,127,149
1937,127,67
1938,127,87
1939,127,88
1940,127,86
1941,127,106
1942,127,107
1943,127,126
1944,127,127
1945,127,146
1946,127,166
1947,127,108
1948,127,128
1949,127,147
1950,127,148
1951,127,167
1952,127,168
1953,52,30
1954,52,50
1955,52,70
1956,52,90
1957,52,31
1958,52,32
1959,52,33
1960,52,34
1961,52,35
1962,52,51
1963,52,52
1964,52,53
1965,52,54
1966,52,55
1967,52,71
1968,52,72
1969,52,73
1970,52,91
1971,52,92
1972,52,93
1973,52,74
1974,139,77
1975,139,78
1976,139,79
1977,139,98
1978,139,99
1979,139,119
1980,139,116
1981,139,97
1982,139,117
1983,139,118
1984,139,136
1985,139,137
1986,139,138
1987,139,157
1988,139,158
1989,139,177
1990,139,139
1991,139,159
1992,139,178
1993,139,179
1994,139,199
1995,139,156
1996,139,175
1997,139,195
1998,139,176
1999,139,196
2000,139,216
2001,139,198
2002,139,218
2003,139,215
2004,139,197
2005,139,217
2006,139,236
2007,139,256
2008,139,234
2009,139,237
2010,139,235
2011,139,255
2012,139,254
2013,139,274
2014,139,275
2015,139,293
2016,139,313
2017,139,294
2018,139,295
2019,335,294
2020,335,295
2021,335,314
2022,335,315
2023,335,316
2024,335,334
2025,335,354
2026,335,335
2027,335,336
2028,335,355
2029,335,356
2030,335,375
2031,335,376
2032,216,177
2033,216,195
2034,216,176
2035,216,196
2036,216,216
2037,216,198
2038,216,218
2039,216,238
2040,216,214
2041,216,215
2042,216,197
2043,216,217
2044,216,236
2045,216,256
2046,216,234
2047,216,237
2048,216,235
2049,216,255
2050,216,253
2051,216,273
2052,216,254
2053,216,274
2054,216,275
2055,216,257
2056,216,258
2057,216,277
2058,216,278
2059,216,276
2060,216,296
2061,216,297
2062,216,298
2063,216,293
2064,216,313
2065,216,294
2066,216,295
2067,216,314
2068,216,315
2069,357,357
2070,357,376
2071,357,377
2072,357,378
2073,357,396
2074,357,397
2075,357,398
2076,246,225
2077,246,226
2078,246,227
2079,246,245
2080,246,265
2081,246,246
2082,246,247
2083,246,266
2084,288,267
2085,288,268
2086,288,250
2087,288,269
2088,288,270
2089,288,286
2090,288,287
2091,288,288
2092,288,289
2093,288,306
2094,288,307
2095,288,308
2096,288,309
2097,288,251
2098,288,252
2099,288,253
2100,288,271
2101,288,272
2102,288,273
2103,288,254
2104,288,274
2105,288,275
2106,288,276
2107,288,296
2108,288,297
2109,288,305
2110,288,290
2111,288,310
2112,288,291
2113,288,292
2114,288,293
2115,288,311
2116,288,312
2117,288,313
2118,288,294
2119,288,295
2120,288,314
2121,288,315
2122,288,326
2123,288,327
2124,288,328
2125,288,329
2126,288,330
2127,288,331
2128,288,332
2129,288,364
2130,178,138
2131,178,157
2132,178,158
2133,178,177
2134,178,139
2135,178,159
2136,178,178
2137,178,179
2138,178,199
2139,178,176
2140,178,196
2141,178,198
2142,178,197
2143,146,106
2144,146,107
2145,146,125
2146,146,126
2147,146,127
2148,146,144
2149,146,145
2150,146,146
2151,146,165
2152,146,166
2153,146,128
2154,146,147
2155,146,148
2156,146,167
2157,146,168
2158,146,186
2159,146,187
2160,252,232
2161,252,233
2162,252,234
2163,252,231
2164,252,250
2165,252,251
2166,252,252
2167,252,253
2168,252,271
2169,252,272
2170,252,273
2171,252,254
2172,397,357
2173,397,376
2174,397,377
2175,397,396
2176,397,397
2177,144,83
2178,144,84
2179,144,103
2180,144,104
2181,144,105
2182,144,124
2183,144,125
2184,144,126
2185,144,144
2186,144,145
2187,144,146
2188,144,164
2189,144,165
2190,144,166
2191,144,163
2192,144,183
2193,144,184
2194,144,185
2195,144,204
2196,144,205
2197,144,186
2198,207,188
2199,207,186
2200,207,187
2201,207,206
2202,207,207
2203,207,226
2204,207,227
2205,207,208
2206,207,228
2207,110,49
2208,110,50
2209,110,69
2210,110,70
2211,110,89
2212,110,90
2213,110,109
2214,110,110
2215,110,129
2216,110,130
2217,110,149
2218,110,150
2219,110,68
2220,110,87
2221,110,88
2222,110,51
2223,110,71
2224,110,72
2225,110,91
2226,110,92
2227,110,93
2228,110,107
2229,110,127
2230,110,108
2231,110,128
2232,110,111
2233,110,131
2234,110,112
2235,354,333
2236,354,334
2237,354,354
2238,354,335
2239,354,355
2240,166,83
2241,166,84
2242,166,103
2243,166,104
2244,166,105
2245,166,106
2246,166,124
2247,166,125
2248,166,126
2249,166,127
2250,166,144
2251,166,145
2252,166,146
2253,166,164
2254,166,165
2255,166,166
2256,166,147
2257,166,148
2258,166,167
2259,166,168
2260,166,188
2261,166,185
2262,166,205
2263,166,186
2264,166,187
2265,166,206
2266,166,207
2267,286,265
2268,286,266
2269,286,286
2270,286,287
2271,286,306
2272,286,307
2273,286,285
2274,286,305
2275,93,70
2276,93,90
2277,93,110
2278,93,51
2279,93,52
2280,93,53
2281,93,54
2282,93,71
2283,93,72
2284,93,73
2285,93,91
2286,93,92
2287,93,93
2288,93,75
2289,93,74
2290,93,94
2291,93,95
2292,93,114
2293,93,115
2294,93,111
2295,93,112
2296,93,113
2297,363,326
2298,363,340
2299,363,341
2300,363,342
2301,363,360
2302,363,361
2303,363,362
2304,363,381
2305,363,382
2306,363,343
2307,363,363
2308,363,364
2309,363,383
2310,210,189
2311,210,190
2312,210,191
2313,210,210
2314,210,211
2315,210,209
2316,210,230
2317,210,229
2318,210,231
2319,210,250
2320,210,251
2321,265,225
2322,265,226
2323,265,244
2324,265,264
2325,265,245
2326,265,265
2327,265,246
2328,265,266
2329,265,286
2330,265,285
2331,356,314
2332,356,315
2333,356,316
2334,356,334
2335,356,354
2336,356,317
2337,356,335
2338,356,336
2339,356,337
2340,356,355
2341,356,356
2342,356,357
2343,356,375
2344,356,376
2345,219,199
2346,219,198
2347,219,218
2348,219,219
2349,219,238
2350,219,239
2351,219,259
2352,333,311
2353,333,312
2354,333,313
2355,333,331
2356,333,332
2357,333,333
2358,333,334
2359,333,352
2360,333,353
2361,333,354
2362,333,335
2363,333,355
2364,129,48
2365,129,49
2366,129,69
2367,129,70
2368,129,89
2369,129,90
2370,129,109
2371,129,110
2372,129,129
2373,129,130
2374,129,149
2375,129,150
2376,129,67
2377,129,68
2378,129,87
2379,129,88
2380,129,85
2381,129,86
2382,129,104
2383,129,105
2384,129,106
2385,129,107
2386,129,125
2387,129,126
2388,129,127
2389,129,146
2390,129,108
2391,129,128
2392,129,147
2393,129,148
2394,129,167
2395,129,168
2396,129,169
2397,129,170
2398,85,47
2399,85,67
2400,85,87
2401,85,66
2402,85,65
2403,85,83
2404,85,84
2405,85,85
2406,85,86
2407,85,103
2408,85,104
2409,85,105
2410,85,106
2411,85,107
2412,85,124
2413,85,125
2414,85,126
2415,85,127
2416,85,144
2417,85,145
2418,85,146
2419,85,164
2420,85,165
2421,272,250
2422,272,269
2423,272,270
2424,272,288
2425,272,289
2426,272,251
2427,272,252
2428,272,253
2429,272,271
2430,272,272
2431,272,273
2432,272,254
2433,272,274
2434,272,275
2435,272,276
2436,272,296
2437,272,297
2438,272,290
2439,272,291
2440,272,292
2441,272,293
2442,272,294
2443,272,295
2444,232,192
2445,232,211
2446,232,212
2447,232,193
2448,232,214
2449,232,213
2450,232,232
2451,232,233
2452,232,234
2453,232,231
2454,232,251
2455,232,252
2456,232,253
2457,232,254
2458,316,296
2459,316,297
2460,316,298
2461,316,294
2462,316,295
2463,316,314
2464,316,315
2465,316,316
2466,316,317
2467,316,335
2468,316,336
2469,316,337
2470,316,356
2471,316,318
2472,316,338
2473,316,357
2474,118,77
2475,118,78
2476,118,98
2477,118,99
2478,118,119
2479,118,97
2480,118,117
2481,118,118
2482,118,137
2483,118,138
2484,118,157
2485,118,158
2486,118,139
2487,198,157
2488,198,158
2489,198,177
2490,198,139
2491,198,159
2492,198,178
2493,198,179
2494,198,199
2495,198,196
2496,198,216
2497,198,198
2498,198,218
2499,198,219
2500,198,238
2501,198,239
2502,198,197
2503,198,217
2504,198,237
2505,317,296
2506,317,297
2507,317,298
2508,317,315
2509,317,316
2510,317,317
2511,317,336
2512,317,337
2513,317,318
2514,317,338
2515,317,339
2516,360,340
2517,360,341
2518,360,342
2519,360,360
2520,360,361
2521,360,362
2522,360,381
2523,360,363
2524,381,340
2525,381,341
2526,381,342
2527,381,360
2528,381,361
2529,381,362
2530,381,381
2531,193,132
2532,193,133
2533,193,134
2534,193,153
2535,193,151
2536,193,152
2537,193,171
2538,193,154
2539,193,173
2540,193,155
2541,193,174
2542,193,172
2543,193,191
2544,193,192
2545,193,175
2546,193,194
2547,193,195
2548,193,211
2549,193,212
2550,193,193
2551,193,214
2552,193,215
2553,193,213
2554,193,232
2555,193,233
2556,193,234
2557,294,195
2558,294,196
2559,294,216
2560,294,214
2561,294,215
2562,294,236
2563,294,256
2564,294,232
2565,294,233
2566,294,234
2567,294,235
2568,294,255
2569,294,250
2570,294,269
2571,294,270
2572,294,288
2573,294,289
2574,294,309
2575,294,251
2576,294,252
2577,294,253
2578,294,271
2579,294,272
2580,294,273
2581,294,254
2582,294,274
2583,294,275
2584,294,276
2585,294,296
2586,294,290
2587,294,310
2588,294,291
2589,294,292
2590,294,293
2591,294,311
2592,294,312
2593,294,313
2594,294,294
2595,294,295
2596,294,314
2597,294,315
2598,294,316
2599,294,332
2600,294,333
2601,294,334
2602,294,335
2603,212,191
2604,212,192
2605,212,211
2606,212,212
2607,212,193
2608,212,214
2609,212,213
2610,212,232
2611,212,233
2612,212,231
2613,314,294
2614,314,295
2615,314,314
2616,314,315
2617,314,334
2618,314,335
2619,340,340
2620,340,341
2621,340,342
2622,340,360
2623,340,361
2624,340,362
2625,340,381
2626,340,363
2627,258,196
2628,258,216
2629,258,198
2630,258,218
2631,258,219
2632,258,238
2633,258,239
2634,258,197
2635,258,217
2636,258,236
2637,258,256
2638,258,237
2639,258,235
2640,258,255
2641,258,275
2642,258,257
2643,258,258
2644,258,259
2645,258,277
2646,258,278
2647,258,276
2648,258,296
2649,258,297
2650,258,298
2651,258,279
2652,258,299
2653,89,28
2654,89,47
2655,89,48
2656,89,29
2657,89,30
2658,89,49
2659,89,50
2660,89,69
2661,89,70
2662,89,89
2663,89,90
2664,89,109
2665,89,110
2666,89,129
2667,89,67
2668,89,68
2669,89,87
2670,89,88
2671,89,71
2672,89,91
2673,89,107
2674,89,127
2675,89,108
2676,89,128
2677,89,111
2678,328,308
2679,328,328
2680,205,164
2681,205,165
2682,205,166
2683,205,184
2684,205,185
2685,205,204
2686,205,205
2687,205,224
2688,205,225
2689,205,186
2690,205,206
2691,205,226
2692,234,177
2693,234,175
2694,234,194
2695,234,195
2696,234,176
2697,234,196
2698,234,216
2699,234,212
2700,234,193
2701,234,214
2702,234,215
2703,234,197
2704,234,217
2705,234,236
2706,234,256
2707,234,213
2708,234,232
2709,234,233
2710,234,234
2711,234,235
2712,234,255
2713,234,252
2714,234,253
2715,234,254
2716,206,165
2717,206,166
2718,206,167
2719,206,184
2720,206,185
2721,206,204
2722,206,205
2723,206,225
2724,206,186
2725,206,187
2726,206,206
2727,206,207
2728,206,226
2729,206,227
2730,191,171
2731,191,170
2732,191,190
2733,191,172
2734,191,191
2735,191,192
2736,191,210
2737,191,211
2738,191,212
2739,191,193
2740,191,232
2741,191,231
2742,327,306
2743,327,307
2744,327,326
2745,327,327
2746,330,289
2747,330,309
2748,330,290
2749,330,310
2750,330,291
2751,330,311
2752,330,312
2753,330,313
2754,330,329
2755,330,330
2756,330,331
2757,330,332
2758,153,114
2759,153,131
2760,153,112
2761,153,113
2762,153,132
2763,153,133
2764,153,134
2765,153,153
2766,153,151
2767,153,152
2768,153,154
2769,153,173
2770,153,174
2771,153,172
2772,153,193
2773,111,70
2774,111,90
2775,111,110
2776,111,130
2777,111,51
2778,111,52
2779,111,71
2780,111,72
2781,111,73
2782,111,91
2783,111,92
2784,111,93
2785,111,111
2786,111,131
2787,111,112
2788,111,113
2789,111,132
2790,111,133
2791,36,13
2792,36,14
2793,36,15
2794,36,33
2795,36,34
2796,36,35
2797,36,53
2798,36,54
2799,36,55
2800,36,36
2801,36,37
2802,36,38
2803,36,39
2804,36,56
2805,36,57
2806,36,58
2807,36,59
2808,36,75
2809,36,76
2810,36,77
2811,36,78
2812,36,79
2813,36,74
2814,361,340
2815,361,341
2816,361,342
2817,361,360
2818,361,361
2819,361,362
2820,361,381
2821,361,363
2822,158,118
2823,158,137
2824,158,138
2825,158,157
2826,158,158
2827,158,177
2828,158,139
2829,158,159
2830,158,178
2831,158,156
2832,158,176
2833,158,196
2834,158,198
2835,158,197
2836,183,124
2837,183,144
2838,183,164
2839,183,163
2840,183,183
2841,76,14
2842,76,15
2843,76,33
2844,76,34
2845,76,35
2846,76,53
2847,76,54
2848,76,55
2849,76,36
2850,76,37
2851,76,38
2852,76,56
2853,76,57
2854,76,58
2855,76,59
2856,76,75
2857,76,76
2858,76,77
2859,76,78
2860,76,79
2861,76,96
2862,76,98
2863,76,99
2864,76,119
2865,76,74
2866,76,95
2867,76,97
2868,76,117
2869,76,118
2870,185,83
2871,185,103
2872,185,104
2873,185,124
2874,185,125
2875,185,144
2876,185,145
2877,185,146
2878,185,164
2879,185,165
2880,185,166
2881,185,167
2882,185,163
2883,185,184
2884,185,185
2885,185,204
2886,185,205
2887,185,224
2888,185,225
2889,185,186
2890,185,187
2891,185,206
2892,185,226
2893,269,248
2894,269,268
2895,269,249
2896,269,250
2897,269,269
2898,269,270
2899,269,289
2900,269,251
2901,269,252
2902,269,253
2903,269,271
2904,269,272
2905,269,273
2906,269,274
2907,269,275
2908,269,290
2909,269,291
2910,269,292
2911,75,35
2912,75,54
2913,75,55
2914,75,36
2915,75,37
2916,75,56
2917,75,75
2918,75,74
2919,75,94
2920,75,95
2921,229,189
2922,229,208
2923,229,228
2924,229,210
2925,229,209
2926,229,230
2927,229,229
2928,229,231
2929,229,249
2930,229,250
2931,229,251
2932,13,8
2933,13,9
2934,13,29
2935,13,10
2936,13,11
2937,13,30
2938,13,50
2939,13,12
2940,13,13
2941,13,14
2942,13,15
2943,13,31
2944,13,32
2945,13,33
2946,13,34
2947,13,35
2948,13,51
2949,13,52
2950,13,53
2951,13,54
2952,13,55
2953,13,36
2954,13,37
2955,13,38
2956,13,56
2957,13,57
2958,13,58
2959,332,310
2960,332,311
2961,332,312
2962,332,330
2963,332,331
2964,332,332
2965,332,333
2966,318,275
2967,318,277
2968,318,276
2969,318,296
2970,318,297
2971,318,298
2972,318,299
2973,318,295
2974,318,316
2975,318,319
2976,318,317
2977,318,336
2978,318,337
2979,318,318
2980,318,338
2981,318,339
2982,37,11
2983,37,12
2984,37,13
2985,37,14
2986,37,15
2987,37,31
2988,37,32
2989,37,33
2990,37,34
2991,37,35
2992,37,52
2993,37,53
2994,37,54
2995,37,55
2996,37,36
2997,37,37
2998,37,38
2999,37,39
3000,37,56
3001,37,57
3002,37,58
3003,37,59
3004,37,75
3005,37,76
3006,37,77
3007,37,78
3008,37,79
3009,37,96
3010,37,98
3011,37,74
3012,37,97
3013,67,27
3014,67,28
3015,67,47
3016,67,48
3017,67,49
3018,67,69
3019,67,89
3020,67,109
3021,67,67
3022,67,68
3023,67,87
3024,67,88
3025,67,66
3026,67,65
3027,67,84
3028,67,85
3029,67,86
3030,67,104
3031,67,105
3032,67,106
3033,67,107
3034,67,126
3035,67,127
3036,67,108
3037,67,128
3038,151,150
3039,151,131
3040,151,132
3041,151,151
3042,151,152
3043,151,171
3044,151,170
3045,151,172
3046,190,171
3047,190,169
3048,190,170
3049,190,189
3050,190,190
3051,190,191
3052,190,210
3053,190,209
3054,78,34
3055,78,35
3056,78,54
3057,78,55
3058,78,36
3059,78,37
3060,78,56
3061,78,57
3062,78,58
3063,78,59
3064,78,75
3065,78,76
3066,78,77
3067,78,78
3068,78,79
3069,78,96
3070,78,98
3071,78,99
3072,78,119
3073,78,74
3074,78,95
3075,78,116
3076,78,97
3077,78,117
3078,78,118
3079,78,137
3080,78,138
3081,78,158
3082,78,139
3083,78,159
3084,248,227
3085,248,208
3086,248,228
3087,248,229
3088,248,247
3089,248,248
3090,248,268
3091,248,249
3092,248,269
3093,255,196
3094,255,216
3095,255,214
3096,255,215
3097,255,236
3098,255,256
3099,255,234
3100,255,235
3101,255,255
3102,255,254
3103,255,274
3104,255,275
3105,255,276
3106,239,199
3107,239,198
3108,239,218
3109,239,219
3110,239,238
3111,239,239
3112,239,217
3113,239,237
3114,239,258
3115,239,259
3116,239,278
3117,239,279
3118,375,334
3119,375,354
3120,375,335
3121,375,336
3122,375,355
3123,375,356
3124,375,375
3125,375,376
3126,107,89
3127,107,90
3128,107,109
3129,107,110
3130,107,129
3131,107,67
3132,107,68
3133,107,87
3134,107,88
3135,107,66
3136,107,65
3137,107,83
3138,107,84
3139,107,85
3140,107,86
3141,107,103
3142,107,104
3143,107,105
3144,107,106
3145,107,107
3146,107,124
3147,107,125
3148,107,126
3149,107,127
3150,107,144
3151,107,145
3152,107,146
3153,107,164
3154,107,165
3155,107,166
3156,107,108
3157,107,128
3158,107,147
3159,107,148
3160,147,129
3161,147,149
3162,147,107
3163,147,126
3164,147,127
3165,147,146
3166,147,166
3167,147,108
3168,147,128
3169,147,147
3170,147,148
3171,147,167
3172,147,168
3173,147,169
3174,147,188
3175,147,186
3176,147,187
3177,164,83
3178,164,84
3179,164,85
3180,164,86
3181,164,103
3182,164,104
3183,164,105
3184,164,106
3185,164,107
3186,164,124
3187,164,125
3188,164,126
3189,164,127
3190,164,144
3191,164,145
3192,164,146
3193,164,164
3194,164,165
3195,164,166
3196,164,184
3197,164,185
3198,164,204
3199,66,67
3200,66,66
3201,66,85
3202,66,86
3203,256,216
3204,256,238
3205,256,217
3206,256,236
3207,256,256
3208,256,237
3209,256,235
3210,256,255
3211,256,273
3212,256,254
3213,256,274
3214,256,275
3215,256,257
3216,256,258
3217,256,277
3218,256,278
3219,256,276
3220,256,296
3221,256,297
3222,256,298
3223,256,293
3224,256,313
3225,256,294
3226,256,295
3227,256,314
3228,256,315
3229,259,218
3230,259,219
3231,259,238
3232,259,239
3233,259,217
3234,259,236
3235,259,256
3236,259,237
3237,259,255
3238,259,275
3239,259,257
3240,259,258
3241,259,259
3242,259,277
3243,259,278
3244,259,276
3245,259,296
3246,259,297
3247,259,298
3248,259,279
3249,259,299
3250,113,73
3251,113,92
3252,113,93
3253,113,74
3254,113,94
3255,113,95
3256,113,114
3257,113,115
3258,113,111
3259,113,112
3260,113,113
3261,113,132
3262,113,133
3263,113,134
3264,113,135
3265,364,287
3266,364,288
3267,364,306
3268,364,307
3269,364,308
3270,364,326
3271,364,327
3272,364,364
3273,115,94
3274,115,95
3275,115,114
3276,115,115
3277,115,113
3278,77,34
3279,77,35
3280,77,53
3281,77,54
3282,77,55
3283,77,36
3284,77,37
3285,77,38
3286,77,56
3287,77,57
3288,77,58
3289,77,59
3290,77,75
3291,77,76
3292,77,77
3293,77,78
3294,77,79
3295,77,96
3296,77,98
3297,77,99
3298,77,119
3299,77,74
3300,77,95
3301,77,116
3302,77,97
3303,77,117
3304,77,118
3305,77,138
3306,77,139
3307,237,216
3308,237,218
3309,237,238
3310,237,217
3311,237,236
3312,237,256
3313,237,237
3314,237,257
3315,237,258
3316,154,114
3317,154,115
3318,154,116
3319,154,117
3320,154,113
3321,154,132
3322,154,133
3323,154,134
3324,154,135
3325,154,153
3326,154,136
3327,154,137
3328,154,152
3329,154,154
3330,154,173
3331,154,155
3332,154,174
3333,154,156
3334,154,172
3335,154,192
3336,154,175
3337,154,194
3338,154,195
3339,154,176
3340,154,193
3341,154,214
3342,154,213
3343,382,341
3344,382,342
3345,382,361
3346,382,362
3347,382,382
3348,382,363
3349,382,383
3350,91,49
3351,91,50
3352,91,69
3353,91,70
3354,91,89
3355,91,90
3356,91,109
3357,91,110
3358,91,130
3359,91,31
3360,91,51
3361,91,52
3362,91,71
3363,91,72
3364,91,73
3365,91,91
3366,91,92
3367,91,93
3368,91,94
3369,91,114
3370,91,111
3371,91,131
3372,91,112
3373,91,113
3374,91,132
3375,91,133
3376,268,247
3377,268,267
3378,268,248
3379,268,268
3380,268,249
3381,268,269
3382,268,270
3383,268,287
3384,268,288
3385,268,289
3386,268,309
3387,268,290
3388,268,310
3389,268,291
3390,268,311
3391,268,312
3392,125,105
3393,125,124
3394,125,125
3395,125,126
3396,125,144
3397,125,145
3398,125,146
3399,137,98
3400,137,116
3401,137,97
3402,137,117
3403,137,118
3404,137,136
3405,137,137
3406,137,138
3407,137,157
3408,137,158
3409,137,156
3410,155,134
3411,155,135
3412,155,136
3413,155,154
3414,155,155
3415,155,174
3416,155,156
3417,155,175
3418,124,83
3419,124,84
3420,124,85
3421,124,103
3422,124,104
3423,124,105
3424,124,106
3425,124,124
3426,124,125
3427,124,126
3428,124,144
3429,124,145
3430,124,146
3431,124,164
3432,124,165
3433,124,166
3434,124,163
3435,124,183
3436,124,184
3437,124,185
3438,74,33
3439,74,34
3440,74,35
3441,74,52
3442,74,53
3443,74,54
3444,74,55
3445,74,72
3446,74,73
3447,74,92
3448,74,93
3449,74,36
3450,74,37
3451,74,56
3452,74,75
3453,74,76
3454,74,96
3455,74,74
3456,74,94
3457,74,95
3458,74,114
3459,74,115
3460,74,113
3461,227,186
3462,227,187
3463,227,206
3464,227,207
3465,227,226
3466,227,227
3467,227,208
3468,227,228
3469,227,246
3470,227,247
3471,270,249
3472,270,250
3473,270,269
3474,270,270
3475,270,289
3476,270,251
3477,270,252
3478,270,271
3479,270,272
3480,270,273
3481,270,290
3482,270,310
3483,270,291
3484,270,292
3485,270,293
3486,270,311
3487,233,173
3488,233,174
3489,233,192
3490,233,194
3491,233,195
3492,233,196
3493,233,216
3494,233,211
3495,233,212
3496,233,193
3497,233,214
3498,233,215
3499,233,213
3500,233,232
3501,233,233
3502,233,234
3503,233,231
3504,233,235
3505,233,251
3506,233,252
3507,233,253
3508,233,254
3509,276,195
3510,276,196
3511,276,216
3512,276,238
3513,276,214
3514,276,215
3515,276,217
3516,276,236
3517,276,256
3518,276,232
3519,276,233
3520,276,234
3521,276,237
3522,276,235
3523,276,255
3524,276,250
3525,276,269
3526,276,270
3527,276,288
3528,276,289
3529,276,251
3530,276,252
3531,276,253
3532,276,271
3533,276,272
3534,276,273
3535,276,254
3536,276,274
3537,276,275
3538,276,257
3539,276,258
3540,276,259
3541,276,277
3542,276,278
3543,276,276
3544,276,296
3545,276,297
3546,276,298
3547,276,279
3548,276,299
3549,276,290
3550,276,291
3551,276,292
3552,276,293
3553,276,311
3554,276,312
3555,276,313
3556,276,294
3557,276,295
3558,276,314
3559,276,315
3560,276,316
3561,276,319
3562,276,317
3563,276,318
3564,54,31
3565,54,32
3566,54,33
3567,54,34
3568,54,35
3569,54,51
3570,54,52
3571,54,53
3572,54,54
3573,54,55
3574,54,72
3575,54,73
3576,54,92
3577,54,93
3578,54,36
3579,54,37
3580,54,38
3581,54,56
3582,54,57
3583,54,58
3584,54,75
3585,54,76
3586,54,77
3587,54,78
3588,54,96
3589,54,74
3590,54,94
3591,54,95
3592,54,97
3593,57,13
3594,57,14
3595,57,15
3596,57,33
3597,57,34
3598,57,35
3599,57,54
3600,57,55
3601,57,36
3602,57,37
3603,57,38
3604,57,56
3605,57,57
3606,57,58
3607,57,59
3608,57,75
3609,57,76
3610,57,77
3611,57,78
3612,57,79
3613,194,154
3614,194,173
3615,194,174
3616,194,175
3617,194,194
3618,194,195
3619,194,193
3620,194,214
3621,194,215
3622,194,213
3623,194,234
3624,355,333
3625,355,334
3626,355,354
3627,355,335
3628,355,336
3629,355,355
3630,355,356
3631,355,375
3632,355,376
3633,297,195
3634,297,196
3635,297,216
3636,297,218
3637,297,238
3638,297,239
3639,297,214
3640,297,215
3641,297,197
3642,297,217
3643,297,236
3644,297,256
3645,297,232
3646,297,233
3647,297,234
3648,297,237
3649,297,235
3650,297,255
3651,297,250
3652,297,269
3653,297,270
3654,297,288
3655,297,289
3656,297,251
3657,297,252
3658,297,253
3659,297,271
3660,297,272
3661,297,273
3662,297,254
3663,297,274
3664,297,275
3665,297,257
3666,297,258
3667,297,259
3668,297,277
3669,297,278
3670,297,276
3671,297,296
3672,297,297
3673,297,298
3674,297,279
3675,297,299
3676,297,290
3677,297,310
3678,297,291
3679,297,292
3680,297,293
3681,297,311
3682,297,312
3683,297,313
3684,297,294
3685,297,295
3686,297,314
3687,297,315
3688,297,316
3689,297,319
3690,297,334
3691,297,317
3692,297,335
3693,297,336
3694,297,337
3695,297,318
3696,297,338
3697,297,339
3698,278,196
3699,278,216
3700,278,218
3701,278,238
3702,278,239
3703,278,197
3704,278,217
3705,278,236
3706,278,256
3707,278,237
3708,278,235
3709,278,255
3710,278,275
3711,278,257
3712,278,258
3713,278,259
3714,278,277
3715,278,278
3716,278,276
3717,278,296
3718,278,297
3719,278,298
3720,278,279
3721,278,299
3722,69,27
3723,69,28
3724,69,47
3725,69,48
3726,69,29
3727,69,30
3728,69,49
3729,69,50
3730,69,69
3731,69,70
3732,69,89
3733,69,90
3734,69,109
3735,69,110
3736,69,129
3737,69,67
3738,69,68
3739,69,87
3740,69,88
3741,69,71
3742,69,91
3743,69,108
3744,69,111
3745,126,85
3746,126,86
3747,126,104
3748,126,105
3749,126,106
3750,126,107
3751,126,124
3752,126,125
3753,126,126
3754,126,127
3755,126,144
3756,126,145
3757,126,146
3758,126,164
3759,126,165
3760,126,166
3761,126,128
3762,126,147
3763,126,148
3764,126,167
3765,315,275
3766,315,276
3767,315,296
3768,315,297
3769,315,294
3770,315,295
3771,315,314
3772,315,315
3773,315,316
3774,315,334
3775,315,317
3776,315,335
3777,315,336
3778,315,337
3779,315,355
3780,315,356
3781,174,134
3782,174,135
3783,174,153
3784,174,154
3785,174,173
3786,174,155
3787,174,174
3788,174,175
3789,174,194
3790,174,195
3791,174,193
3792,174,214
3793,174,215
3794,174,213
3795,334,292
3796,334,293
3797,334,311
3798,334,312
3799,334,313
3800,334,294
3801,334,295
3802,334,314
3803,334,315
3804,334,316
3805,334,332
3806,334,333
3807,334,334
3808,334,353
3809,334,354
3810,334,335
3811,334,336
3812,334,355
3813,334,356
3814,334,375
3815,334,376
3816,228,189
3817,228,188
3818,228,187
3819,228,206
3820,228,207
3821,228,226
3822,228,227
3823,228,208
3824,228,228
3825,228,209
3826,228,229
3827,228,247
3828,228,248
3829,228,249
3830,250,210
3831,250,211
3832,250,230
3833,250,229
3834,250,232
3835,250,231
3836,250,249
3837,250,250
3838,250,269
3839,250,270
3840,250,251
3841,250,252
3842,250,271
3843,398,357
3844,398,377
3845,398,378
3846,398,398
3847,28,8
3848,28,27
3849,28,28
3850,28,47
3851,28,48
3852,28,9
3853,28,29
3854,28,10
3855,28,11
3856,28,30
3857,28,49
3858,28,50
3859,28,69
3860,28,67
3861,28,68
3862,28,87
3863,28,88
3864,28,31
3865,396,376
3866,396,377
3867,396,396
3868,224,184
3869,224,185
3870,224,203
3871,224,204
3872,224,205
3873,224,224
3874,224,225
3875,224,223
3876,196,119
3877,196,138
3878,196,157
3879,196,158
3880,196,177
3881,196,139
3882,196,159
3883,196,178
3884,196,179
3885,196,199
3886,196,156
3887,196,175
3888,196,194
3889,196,195
3890,196,176
3891,196,196
3892,196,216
3893,196,198
3894,196,218
3895,196,219
3896,196,238
3897,196,239
3898,196,214
3899,196,215
3900,196,197
3901,196,217
3902,196,236
3903,196,256
3904,196,213
3905,196,233
3906,196,234
3907,196,237
3908,196,235
3909,196,255
3910,196,252
3911,196,253
3912,196,271
3913,196,272
3914,196,273
3915,196,254
3916,196,274
3917,196,275
3918,196,257
3919,196,258
3920,196,259
3921,196,277
3922,196,278
3923,196,276
3924,196,296
3925,196,297
3926,196,298
3927,196,279
3928,196,299
3929,196,290
3930,196,310
3931,196,291
3932,196,292
3933,196,293
3934,196,311
3935,196,312
3936,196,313
3937,196,294
3938,196,295
3939,196,314
3940,196,315
3941,196,316
3942,196,319
3943,196,317
3944,196,318
3945,299,196
3946,299,216
3947,299,238
3948,299,215
3949,299,217
3950,299,236
3951,299,256
3952,299,237
3953,299,235
3954,299,255
3955,299,254
3956,299,274
3957,299,275
3958,299,257
3959,299,258
3960,299,259
3961,299,277
3962,299,278
3963,299,276
3964,299,296
3965,299,297
3966,299,298
3967,299,279
3968,299,299
3969,299,293
3970,299,313
3971,299,294
3972,299,295
3973,299,314
3974,299,315
3975,299,316
3976,299,319
3977,299,317
3978,299,335
3979,299,336
3980,299,337
3981,299,318
3982,299,338
3983,299,339
3984,290,269
3985,290,270
3986,290,288
3987,290,289
3988,290,308
3989,290,309
3990,290,271
3991,290,272
3992,290,273
3993,290,274
3994,290,275
3995,290,290
3996,290,310
3997,290,291
3998,290,292
3999,290,293
4000,290,311
4001,290,312
4002,290,313
4003,290,294
4004,290,330
4005,290,331
4006,254,255
4007,254,253
4008,254,273
4009,254,254
4010,254,274
4011,254,275
4012,329,309
4013,329,310
4014,329,329
4015,329,330
4016,8,8
4017,8,28
4018,8,48
4019,8,9
4020,8,29
4021,8,10
4022,8,11
4023,8,30
4024,8,49
4025,8,50
4026,8,69
4027,8,68
4028,8,12
4029,8,13
4030,8,31
4031,8,32
4032,8,33
4033,8,51
4034,192,153
4035,192,154
4036,192,173
4037,192,174
4038,192,172
4039,192,191
4040,192,192
4041,192,194
4042,192,211
4043,192,212
4044,192,193
4045,192,213
4046,99,77
4047,99,78
4048,99,98
4049,99,99
4050,99,119
4051,99,97
4052,99,118
4053,99,139
4054,267,247
4055,267,267
4056,267,268
4057,267,288
4058,305,306
4059,305,285
4060,305,305
4061,188,166
4062,188,147
4063,188,148
4064,188,167
4065,188,168
4066,188,169
4067,188,189
4068,188,188
4069,188,186
4070,188,187
4071,188,207
4072,188,227
4073,188,208
4074,188,228
4075,188,209
4076,130,70
4077,130,89
4078,130,90
4079,130,109
4080,130,110
4081,130,129
4082,130,130
4083,130,149
4084,130,150
4085,130,91
4086,130,111
4087,130,131
4088,130,112
4089,130,132
4090,130,151
4091,130,171
4092,130,170
4093,31,9
4094,31,29
4095,31,10
4096,31,11
4097,31,30
4098,31,49
4099,31,50
4100,31,69
4101,31,70
4102,31,90
4103,31,31
4104,31,32
4105,31,33
4106,31,34
4107,31,51
4108,31,52
4109,31,53
4110,31,54
4111,31,71
4112,31,72
4113,31,73
4114,31,91
4115,31,92
4116,169,109
4117,169,129
4118,169,130
4119,169,149
4120,169,150
4121,169,128
4122,169,147
4123,169,148
4124,169,167
4125,169,168
4126,169,169
4127,169,170
4128,169,189
4129,169,190
4130,169,188
4131,169,187
4132,169,208
4133,169,209
4134,218,199
4135,218,216
4136,218,198
4137,218,218
4138,218,219
4139,218,238
4140,218,239
4141,218,197
4142,218,217
4143,218,236
4144,218,237
4145,218,257
4146,218,258
4147,218,259
4148,209,168
4149,209,169
4150,209,170
4151,209,189
4152,209,190
4153,209,188
4154,209,208
4155,209,228
4156,209,210
4157,209,209
4158,209,230
4159,209,229
4160,157,116
4161,157,117
4162,157,136
4163,157,137
4164,157,138
4165,157,157
4166,157,158
4167,157,177
4168,157,139
4169,157,159
4170,157,178
4171,157,156
4172,157,176
4173,157,196
4174,157,198
4175,157,197
4176,253,212
4177,253,214
4178,253,256
4179,253,213
4180,253,232
4181,253,233
4182,253,234
4183,253,231
4184,253,235
4185,253,255
4186,253,250
4187,253,269
4188,253,270
4189,253,288
4190,253,289
4191,253,251
4192,253,252
4193,253,253
4194,253,271
4195,253,272
4196,253,273
4197,253,254
4198,253,274
4199,253,275
4200,253,276
4201,253,290
4202,253,291
4203,253,292
4204,253,293
4205,253,294
4206,253,295
4207,134,93
4208,134,94
4209,134,95
4210,134,114
4211,134,115
4212,134,116
4213,134,117
4214,134,131
4215,134,112
4216,134,113
4217,134,132
4218,134,133
4219,134,134
4220,134,135
4221,134,153
4222,134,136
4223,134,137
4224,134,151
4225,134,152
4226,134,154
4227,134,173
4228,134,155
4229,134,174
4230,134,156
4231,134,172
4232,134,175
4233,134,194
4234,134,193
4235,50,9
4236,50,29
4237,50,10
4238,50,11
4239,50,30
4240,50,49
4241,50,50
4242,50,69
4243,50,70
4244,50,89
4245,50,90
4246,50,110
4247,50,12
4248,50,13
4249,50,31
4250,50,32
4251,50,33
4252,50,51
4253,50,52
4254,50,53
4255,50,71
4256,50,72
4257,50,73
4258,50,91
4259,50,92
4260,295,256
4261,295,255
4262,295,275
4263,295,277
4264,295,276
4265,295,296
4266,295,297
4267,295,294
4268,295,295
4269,295,315
4270,295,316
4271,295,317
4272,295,336
4273,307,286
4274,307,287
4275,307,306
4276,307,307
4277,307,305
4278,307,326
4279,307,327
4280,307,364
4281,87,109
4282,87,87
4283,87,88
4284,87,85
4285,87,86
4286,87,104
4287,87,105
4288,87,106
4289,87,107
4290,87,126
4291,87,127
4292,87,108
4293,87,128
4294,135,114
4295,135,115
4296,135,116
4297,135,117
4298,135,133
4299,135,134
4300,135,135
4301,135,153
4302,135,136
4303,135,137
4304,135,154
4305,135,155
4306,135,174
4307,135,156
4308,135,175
4309,230,210
4310,230,211
4311,230,230
4312,230,229
4313,230,231
4314,230,249
4315,230,250
4316,230,251
4317,298,196
4318,298,216
4319,298,218
4320,298,238
4321,298,239
4322,298,215
4323,298,197
4324,298,217
4325,298,236
4326,298,256
4327,298,234
4328,298,237
4329,298,235
4330,298,255
4331,298,253
4332,298,273
4333,298,254
4334,298,274
4335,298,275
4336,298,257
4337,298,258
4338,298,259
4339,298,277
4340,298,278
4341,298,276
4342,298,296
4343,298,297
4344,298,298
4345,298,279
4346,298,299
4347,298,294
4348,298,295
4349,150,129
4350,150,130
4351,150,149
4352,150,150
4353,150,128
4354,150,148
4355,150,131
4356,150,151
4357,150,171
4358,150,168
4359,150,169
4360,150,170
4361,14,10
4362,14,11
4363,14,12
4364,14,13
4365,14,14
4366,14,15
4367,14,31
4368,14,32
4369,14,33
4370,14,34
4371,14,35
4372,14,53
4373,14,54
4374,14,55
4375,14,36
4376,14,37
4377,14,38
4378,14,39
4379,14,56
4380,14,57
4381,14,58
4382,14,59
4383,14,75
4384,14,76
4385,14,77
4386,14,78
4387,14,79
4388,326,326
4389,326,327
4390,326,343
4391,326,363
4392,326,364
4393,195,154
4394,195,173
4395,195,155
4396,195,174
4397,195,175
4398,195,194
4399,195,195
4400,195,176
4401,195,196
4402,195,216
4403,195,193
4404,195,214
4405,195,215
4406,195,236
4407,195,213
4408,195,234
4409,195,235
4410,55,13
4411,55,14
4412,55,15
4413,55,32
4414,55,33
4415,55,34
4416,55,35
4417,55,52
4418,55,53
4419,55,54
4420,55,55
4421,55,72
4422,55,73
4423,55,36
4424,55,37
4425,55,38
4426,55,39
4427,55,56
4428,55,57
4429,55,58
4430,55,59
4431,55,75
4432,55,76
4433,55,77
4434,55,78
4435,55,79
4436,55,74
4437,249,228
4438,249,230
4439,249,229
4440,249,231
4441,249,248
4442,249,268
4443,249,249
4444,249,250
4445,249,269
4446,249,270
4447,249,251
4448,249,252
4449,249,271
4450,249,272
4451,249,273
4452,53,30
4453,53,50
4454,53,70
4455,53,31
4456,53,32
4457,53,33
4458,53,34
4459,53,35
4460,53,51
4461,53,52
4462,53,53
4463,53,54
4464,53,55
4465,53,71
4466,53,72
4467,53,73
4468,53,91
4469,53,92
4470,53,93
4471,53,36
4472,53,37
4473,53,38
4474,53,56
4475,53,57
4476,53,58
4477,53,75
4478,53,76
4479,53,77
4480,53,96
4481,53,74
4482,53,94
4483,53,95
4484,84,83
4485,84,84
4486,84,85
4487,84,86
4488,84,103
4489,84,104
4490,84,105
4491,84,106
4492,168,129
4493,168,149
4494,168,150
4495,168,166
4496,168,128
4497,168,147
4498,168,148
4499,168,167
4500,168,168
4501,168,169
4502,168,170
4503,168,189
4504,168,190
4505,168,188
4506,168,187
4507,168,207
4508,168,208
4509,168,209
4510,197,138
4511,197,157
4512,197,158
4513,197,177
4514,197,139
4515,197,159
4516,197,178
4517,197,179
4518,197,199
4519,197,195
4520,197,176
4521,197,196
4522,197,216
4523,197,198
4524,197,218
4525,197,219
4526,197,238
4527,197,214
4528,197,215
4529,197,197
4530,197,217
4531,197,236
4532,197,256
4533,197,234
4534,197,237
4535,197,235
4536,197,255
4537,197,273
4538,197,254
4539,197,274
4540,197,275
4541,197,257
4542,197,258
4543,197,277
4544,197,276
4545,197,293
4546,197,313
4547,197,294
4548,197,295
4549,197,314
4550,186,145
4551,186,146
4552,186,165
4553,186,166
4554,186,147
4555,186,167
4556,186,168
4557,186,188
4558,186,185
4559,186,205
4560,186,225
4561,186,186
4562,186,187
4563,186,206
4564,186,207
4565,186,226
4566,186,227
4567,186,208
4568,289,268
4569,289,269
4570,289,270
4571,289,288
4572,289,289
4573,289,308
4574,289,309
4575,289,271
4576,289,272
4577,289,273
4578,289,290
4579,289,310
4580,289,291
4581,289,292
4582,289,293
4583,289,311
4584,289,312
4585,289,329
4586,289,330
4587,289,331
4588,342,340
4589,342,341
4590,342,342
4591,342,360
4592,342,361
4593,342,362
4594,342,381
4595,342,382
4596,342,363
4597,342,383
4598,9,8
4599,9,28
4600,9,9
4601,9,29
4602,9,10
4603,9,11
4604,9,30
4605,9,12
4606,9,31
4607,152,150
4608,152,131
4609,152,132
4610,152,133
4611,152,134
4612,152,153
4613,152,151
4614,152,152
4615,152,171
4616,152,154
4617,152,173
4618,152,170
4619,152,172
4620,313,157
4621,313,158
4622,313,177
4623,313,139
4624,313,159
4625,313,178
4626,313,179
4627,313,199
4628,313,176
4629,313,196
4630,313,216
4631,313,198
4632,313,218
4633,313,219
4634,313,238
4635,313,239
4636,313,215
4637,313,197
4638,313,217
4639,313,236
4640,313,256
4641,313,234
4642,313,237
4643,313,235
4644,313,255
4645,313,253
4646,313,272
4647,313,273
4648,313,254
4649,313,274
4650,313,275
4651,313,257
4652,313,258
4653,313,259
4654,313,277
4655,313,278
4656,313,276
4657,313,296
4658,313,297
4659,313,298
4660,313,279
4661,313,299
4662,313,310
4663,313,291
4664,313,292
4665,313,293
4666,313,311
4667,313,312
4668,313,313
4669,313,294
4670,313,295
4671,313,314
4672,313,315
4673,313,316
4674,313,330
4675,313,331
4676,313,332
4677,313,333
4678,313,317
4679,133,114
4680,133,111
4681,133,131
4682,133,112
4683,133,113
4684,133,132
4685,133,133
4686,133,134
4687,133,135
4688,133,153
4689,133,152
4690,133,154
4691,90,48
4692,90,29
4693,90,30
4694,90,49
4695,90,50
4696,90,69
4697,90,70
4698,90,89
4699,90,90
4700,90,109
4701,90,110
4702,90,129
4703,90,130
4704,90,68
4705,90,87
4706,90,88
4707,90,51
4708,90,52
4709,90,71
4710,90,72
4711,90,73
4712,90,91
4713,90,92
4714,90,93
4715,90,107
4716,90,108
4717,90,128
4718,90,111
4719,90,131
4720,90,112
4721,33,31
4722,33,32
4723,33,33
4724,33,34
4725,33,51
4726,33,52
4727,33,53
4728,33,54
4729,33,72
4730,33,73
4731,51,30
4732,51,50
4733,51,70
4734,51,90
4735,51,110
4736,51,31
4737,51,32
4738,51,33
4739,51,34
4740,51,51
4741,51,52
4742,51,53
4743,51,54
4744,51,71
4745,51,72
4746,51,73
4747,51,91
4748,51,92
4749,51,93
4750,51,74
4751,51,111
4752,51,112
4753,88,27
4754,88,28
4755,88,47
4756,88,48
4757,88,49
4758,88,69
4759,88,70
4760,88,89
4761,88,90
4762,88,109
4763,88,110
4764,88,129
4765,88,67
4766,88,68
4767,88,87
4768,88,88
4769,88,66
4770,88,85
4771,88,86
4772,88,104
4773,88,105
4774,88,106
4775,88,107
4776,88,126
4777,88,127
4778,88,108
4779,88,128
4780,226,185
4781,226,205
4782,226,225
4783,226,186
4784,226,187
4785,226,206
4786,226,207
4787,226,226
4788,226,227
4789,226,208
4790,226,228
4791,226,245
4792,226,265
4793,226,246
4794,226,247
4795,226,266
4796,231,190
4797,231,191
4798,231,192
4799,231,210
4800,231,211
4801,231,212
4802,231,209
4803,231,230
4804,231,229
4805,231,232
4806,231,233
4807,231,231
4808,231,250
4809,231,251
4810,231,252
4811,208,168
4812,208,169
4813,208,189
4814,208,188
4815,208,187
4816,208,207
4817,208,227
4818,208,208
4819,208,228
4820,208,209
4821,208,229
4822,208,248
4823,159,78
4824,159,98
4825,159,119
4826,159,117
4827,159,118
4828,159,137
4829,159,138
4830,159,157
4831,159,158
4832,159,177
4833,159,139
4834,159,159
4835,159,178
4836,159,179
4837,159,176
4838,159,196
4839,159,198
4840,159,197
4841,131,90
4842,131,110
4843,131,130
4844,131,150
4845,131,91
4846,131,92
4847,131,114
4848,131,111
4849,131,131
4850,131,112
4851,131,113
4852,131,132
4853,131,133
4854,131,134
4855,131,153
4856,131,151
4857,131,152
4858,131,171
4859,131,154
4860,131,170
4861,131,172
4862,70,29
4863,70,30
4864,70,49
4865,70,50
4866,70,69
4867,70,70
4868,70,89
4869,70,90
4870,70,109
4871,70,110
4872,70,129
4873,70,130
4874,70,68
4875,70,88
4876,70,31
4877,70,32
4878,70,51
4879,70,52
4880,70,53
4881,70,71
4882,70,72
4883,70,73
4884,70,91
4885,70,92
4886,70,108
4887,70,128
4888,70,111
4889,70,131
4890,70,112
4891,291,270
4892,291,271
4893,291,272
4894,291,273
4895,291,274
4896,291,275
4897,291,290
4898,291,310
4899,291,291
4900,291,292
4901,291,293
4902,291,311
4903,291,312
4904,291,313
4905,291,294
4906,291,331
4907,291,332
4908,275,138
4909,275,157
4910,275,158
4911,275,177
4912,275,139
4913,275,159
4914,275,178
4915,275,179
4916,275,199
4917,275,175
4918,275,194
4919,275,195
4920,275,176
4921,275,196
4922,275,216
4923,275,198
4924,275,218
4925,275,219
4926,275,238
4927,275,239
4928,275,212
4929,275,214
4930,275,215
4931,275,197
4932,275,217
4933,275,236
4934,275,256
4935,275,213
4936,275,232
4937,275,233
4938,275,234
4939,275,237
4940,275,231
4941,275,235
4942,275,255
4943,275,268
4944,275,250
4945,275,269
4946,275,270
4947,275,288
4948,275,289
4949,275,251
4950,275,252
4951,275,253
4952,275,271
4953,275,272
4954,275,273
4955,275,254
4956,275,274
4957,275,275
4958,275,257
4959,275,258
4960,275,259
4961,275,277
4962,275,278
4963,275,276
4964,275,296
4965,275,297
4966,275,298
4967,275,279
4968,275,299
4969,275,290
4970,275,291
4971,275,292
4972,275,293
4973,275,311
4974,275,312
4975,275,313
4976,275,294
4977,275,295
4978,275,314
4979,275,315
4980,275,316
4981,275,319
4982,275,317
4983,275,318
4984,225,184
4985,225,185
4986,225,204
4987,225,205
4988,225,224
4989,225,225
